pl_rade,log_pl_orbper,st_teff,pl_class,pl_class2
1.875,-0.13279929920011027,5172.0,Terrestrial,SuperEarth
4.07,0.9275242946898633,3588.0,Terrestrial,Neptunian
3.24,1.275518453255261,3700.0,Terrestrial,SuperEarth
2.578,1.6199850150435282,5766.0,Terrestrial,Neptunian
16.7,0.17867648992273436,5950.0,Jovian,Jovian
10.87,1.1219076656765674,5075.0,Terrestrial,Jovian
16.03,0.47629966149847214,6440.0,Jovian,Jovian
16.14,0.4514858549950149,5675.0,Jovian,Jovian
9.92,0.6058639886265819,5945.0,Terrestrial,Jovian
12.22,0.17959200175564313,6035.0,Terrestrial,Jovian
13.11,0.7285380136821199,5650.0,Jovian,Jovian
11.43,0.5761224198299447,5740.0,Terrestrial,Jovian
14.68,0.2787694409837459,5440.0,Terrestrial,Jovian
14.46,0.590744893178108,6090.0,Jovian,Jovian
16.432,0.2412957675348951,5625.0,Terrestrial,Jovian
9.416,0.9658059050326123,5880.0,BrownDwarf,Jovian
14.572,0.4353250673640437,6200.0,Terrestrial,Jovian
4.88,0.9892709013281894,5939.0,Jovian,Neptunian
11.77,0.5600621296516789,5900.0,Terrestrial,Jovian
3.7,0.7087097671051746,4950.0,Jovian,SuperEarth
5.0,1.070370390367003,4950.0,Terrestrial,Neptunian
12.11,0.6866979239787829,6040.0,Jovian,Jovian
14.12,0.6237391463749965,5590.0,Jovian,Jovian
11.287,0.5533149183090587,5900.0,BrownDwarf,Jovian
10.705,0.71671350231544,5150.0,Jovian,Jovian
10.088,0.45493171022015916,5260.0,Terrestrial,Jovian
11.32,0.629083245916666,6740.0,BrownDwarf,BrownDwarf
11.31,0.9571305944388634,5650.0,Terrestrial,Jovian
16.365,0.6655256454301307,5700.0,Jovian,Jovian
18.831,0.5088635597172184,6390.0,Jovian,Jovian
15.805,0.7494681602806386,6730.0,Jovian,Jovian
13.34,0.9638845887054673,6190.0,Jovian,Jovian
15.558,0.6061551505792309,6100.0,Jovian,Jovian
13.068,0.9487352902277085,6090.0,Terrestrial,Jovian
1.681,-0.06874985209182854,5275.0,Terrestrial,SuperEarth
6.39,0.7932517211164108,5080.0,Terrestrial,Jovian
11.949,1.9789682725973061,5625.0,Jovian,Jovian
6.389,0.8272639180131508,5970.0,Jovian,Neptunian
5.76,1.2898610816211138,6069.0,Jovian,Neptunian
1.6,-0.2432026774940658,5613.0,Terrestrial,SuperEarth
2.2,1.1249804811590576,5613.0,Terrestrial,SuperEarth
11.781,0.7910049892090182,6202.0,Terrestrial,Jovian
12.442,3.5622928644564746,4898.0,BrownDwarf,Jovian
1.95,0.5557109750649865,5430.0,Terrestrial,SuperEarth
3.67,1.193792230279798,5430.0,Terrestrial,Neptunian
3.94,1.553239600315695,5430.0,Jovian,Neptunian
1.13,0.21190268838836507,3270.0,Terrestrial,Terrestrial
2.742,0.1987682108933181,3250.0,Terrestrial,SuperEarth
1.18,-0.2854677285070645,3458.0,Terrestrial,Terrestrial
2.61,1.5516028280974166,4640.0,Terrestrial,Neptunian
2.13,0.4553224735995292,3556.0,Terrestrial,SuperEarth
4.57,0.5233106013875942,3600.0,Jovian,Neptunian
1.264,0.07845808685835623,3347.0,Terrestrial,Terrestrial
1.217,0.5944721084891478,3505.0,Terrestrial,Terrestrial
0.718,-0.4921953834724289,3522.0,Terrestrial,Terrestrial
1.09,0.4176767513569088,3384.0,Terrestrial,Terrestrial
4.17,0.4222422520764516,3586.11,Terrestrial,Neptunian
1.305,0.16646534148290798,3340.0,Terrestrial,SuperEarth
1.577,0.08241979896750079,4340.0,Terrestrial,SuperEarth
1.241,0.5620662225940892,4340.0,Terrestrial,Terrestrial
2.022,0.7924946331078073,4340.0,Terrestrial,SuperEarth
16.477,0.24169064044348376,7000.0,Terrestrial,BrownDwarf
13.776,0.48465908720384576,5470.0,Jovian,Jovian
14.818,0.5672055080468162,5720.0,Jovian,Jovian
14.785,0.6498506188223486,5980.0,Jovian,Jovian
4.36,0.6891136438482908,4780.0,Terrestrial,Neptunian
10.749,0.506918808517076,4650.0,Jovian,Jovian
14.258,0.464824751801809,5653.0,Jovian,Jovian
15.917,0.6653623817643936,6600.0,Terrestrial,Jovian
11.882,1.035969768696547,5568.0,Terrestrial,Jovian
14.448,0.443413203892171,6158.0,Terrestrial,Jovian
11.769,1.014458372235918,5246.0,Jovian,Jovian
11.153,0.7409957450838383,4803.0,Jovian,Jovian
12.689,0.6030120063516576,4990.0,Jovian,Jovian
10.66,0.7507795166957466,6380.0,BrownDwarf,Jovian
9.718,0.4586857320731066,4595.0,BrownDwarf,Jovian
12.442,0.6153692020093096,5588.0,Terrestrial,Jovian
12.89,0.5068052817853751,5302.0,Terrestrial,Jovian
12.218,0.08381783473645037,5905.0,Terrestrial,Jovian
14.572,0.5257235906593365,6373.0,Jovian,Jovian
12.722,0.5626276941912842,5519.0,Jovian,Jovian
7.062,0.6268041884174136,5079.0,Jovian,Neptunian
11.43,0.4828131496127236,5316.0,Jovian,Jovian
13.585,0.5128464261214837,5680.0,Jovian,Jovian
13.115,0.7576381639726653,6087.0,Jovian,Jovian
10.536,0.4623530685596154,5185.0,Jovian,Jovian
16.141,0.4487990419241283,6304.0,Jovian,Jovian
12.218,0.6994405245784795,6065.0,Terrestrial,Jovian
22.194,0.33244011629140086,6001.0,Jovian,Jovian
20.737,0.5408885661548551,6446.0,Jovian,Jovian
13.417,0.7366079402582087,6442.0,Terrestrial,Jovian
14.93,0.5619007515988181,6096.0,Jovian,Jovian
14.314,0.12298441696725079,5620.0,Jovian,Jovian
13.204,0.4467601594846465,5500.0,Jovian,Jovian
9.247,0.6665537334995723,5330.0,Jovian,Jovian
17.609,0.5494777822561627,6430.0,Jovian,Jovian
14.28,0.4852295152932375,5860.0,Jovian,Jovian
17.038,0.6490660192935932,6080.0,Jovian,Jovian
22.978,0.4304056517145791,6390.0,Jovian,Jovian
14.348,0.6666937219400065,5743.0,Jovian,Jovian
13.63,0.5227885850737325,5693.0,Jovian,Jovian
13.922,0.633591555567387,5295.0,Jovian,Jovian
15.984,0.49540445277217715,6330.0,Jovian,Jovian
14.392,0.649639439647725,6120.0,Jovian,Jovian
17.822,0.43000245196608544,6820.0,Jovian,Jovian
13.563,0.44536909137640307,5960.0,Jovian,Jovian
14.437,0.4944344149985284,6280.0,Jovian,Jovian
14.493,0.6251094377426829,5449.0,Jovian,Jovian
11.31,0.43990011170450233,5131.0,Jovian,Jovian
14.773,0.29261578849937286,5956.0,Jovian,Jovian
10.581,0.5797661101974809,4390.0,Jovian,Jovian
13.249,0.5545190447353241,5808.0,Jovian,Jovian
16.926,0.4457333827765165,6566.0,Jovian,Jovian
19.504,0.3918697757093613,6330.0,Jovian,Jovian
14.93,0.6035598293978439,6078.0,Jovian,Jovian
12.588,0.6172076934538296,5678.0,Terrestrial,Jovian
16.589,0.5857967546885313,6570.0,Jovian,Jovian
18.282,0.6807688028790949,6212.0,Jovian,Jovian
10.077,0.2792819506795334,5587.0,Terrestrial,Jovian
12.027,0.42247879004754996,5629.0,Jovian,Jovian
12.543,0.5286246739930626,5400.0,Jovian,Jovian
19.089,0.6028444867808619,6457.0,Jovian,Jovian
21.185,0.415883610007074,5835.0,Jovian,Jovian
17.822,0.4730613719744967,6002.0,Jovian,Jovian
23.371,0.6821543309913157,6406.0,Jovian,Jovian
12.016,0.361426654125436,4508.0,Jovian,Jovian
18.786,0.6800588096196855,7394.0,Jovian,Jovian
16.926,0.3433573814578117,6389.0,Jovian,Jovian
15.693,0.488034332418008,6200.0,Jovian,Jovian
15.614,0.5935973534411081,6350.0,Jovian,Jovian
14.594,0.537373116377378,5870.0,Jovian,Jovian
10.862,0.5202012478636374,5880.0,Jovian,Jovian
18.03,0.5586111432745328,6563.0,Jovian,Jovian
7.76,0.497303201923915,6357.0,BrownDwarf,Jovian
13.585,0.483451767387964,5523.0,Jovian,Jovian
11.646,0.44197213187831785,5346.0,Jovian,Jovian
12.386,0.24241408532100242,5311.0,Terrestrial,Jovian
14.572,0.4291871682207896,5738.0,Terrestrial,Jovian
8.709,1.2109765805639228,5846.0,Terrestrial,Jovian
14.897,-0.07683890947421514,5600.0,Jovian,Jovian
13.092,0.1316613219040828,5227.0,Jovian,Jovian
10.682,0.6742006948329067,4803.0,Terrestrial,Jovian
20.849,0.3345574064812958,5780.0,Jovian,Jovian
15.637,0.12985024226192482,6125.0,Jovian,Jovian
14.123,0.6333313988965189,5715.0,Jovian,Jovian
19.616,0.5188281106542046,6071.0,Jovian,Jovian
16.814,0.6662406549043641,6438.0,Jovian,Jovian
13.384,0.5025743317866028,5498.0,Jovian,Jovian
14.022,0.6633121379318357,5670.0,Jovian,Jovian
15.48,0.5499653723669596,6351.0,Jovian,Jovian
13.171,0.5016550287461454,5943.0,Jovian,Jovian
18.383,0.5286545025819024,6050.0,Jovian,Jovian
14.0,0.44911643402990076,5700.0,Jovian,Jovian
13.787,0.40646440220950225,5659.0,Jovian,Jovian
16.029,0.3234915047700014,5380.0,Jovian,Jovian
16.41,0.26030977885027656,6300.0,Jovian,Jovian
12.92,0.6206758275978973,5950.0,Terrestrial,Jovian
6.793,0.6366419883900817,5326.0,Jovian,Neptunian
6.882,0.6409801419668422,5732.0,Jovian,Neptunian
17.598,0.6606411420582082,6572.0,Jovian,Jovian
11.433,0.40083645347407965,5403.0,Terrestrial,Jovian
17.71,0.5137865526524261,6460.0,Jovian,Jovian
14.908,0.6225920780744083,6424.0,Terrestrial,Jovian
15.693,0.36023394010664994,6060.0,Jovian,Jovian
13.227,0.6423507083049168,5099.0,Jovian,Jovian
11.96,0.43836834299847083,5080.0,Jovian,Jovian
14.415,0.6219677216403818,6450.0,Jovian,Jovian
10.122,0.6759957002210412,5495.0,Jovian,Jovian
12.52,0.5935965873270435,4512.0,Jovian,Jovian
8.967,0.4957755204716561,4546.0,Jovian,Jovian
8.575,0.6178436371668916,4405.0,Jovian,Jovian
10.223,0.6779158670746458,5304.0,Jovian,Jovian
12.666,0.5831649248942394,5990.0,Jovian,Jovian
15.805,0.5248983148984226,5758.0,Jovian,Jovian
15.491,0.13565869121361818,6010.0,Jovian,Jovian
15.02,0.5858865579231198,5644.0,Jovian,Jovian
11.377,0.40554723681801463,5621.0,Jovian,Jovian
14.022,0.6236833782072339,6214.0,Jovian,Jovian
18.921,0.6359659279350858,6536.0,Jovian,Jovian
12.767,0.37118261173774547,5587.0,Terrestrial,Jovian
12.274,0.625115800716954,7175.0,Jovian,Jovian
12.621,0.7336851508007922,5670.0,Jovian,Jovian
11.187,0.521827240735995,3724.0,Jovian,Jovian
12.924,0.5515511182573601,5688.0,Jovian,Jovian
13.395,0.8930930552108349,5542.0,Terrestrial,Jovian
11.825,0.5154610280944498,5416.0,Jovian,Jovian
13.529,0.4852460965468292,5627.0,Jovian,Jovian
18.82,0.6909839196938954,6554.0,Jovian,Jovian
16.825,0.49208412290192965,6277.0,Jovian,Jovian
15.816,0.4971286448922215,6626.0,Terrestrial,Jovian
18.887,0.20660430235829358,6594.0,Jovian,Jovian
13.809,0.5546369524623276,6147.0,Jovian,Jovian
10.593,0.34738031248878,5137.0,Jovian,Jovian
6.311,0.5031523867490062,4985.0,Jovian,Neptunian
15.513,0.2760566873796403,7930.0,Terrestrial,Jovian
11.478,0.5792713071107873,3405.0,Jovian,Jovian
8.097,0.8649823433055726,4656.1,Jovian,Neptunian
11.568,0.23851179360196753,3776.9,Terrestrial,Jovian
9.909,0.4453948820483283,3790.4,Jovian,Jovian
12.094,0.288169224828037,4016.0,Terrestrial,Jovian
13.058,0.489624717472102,4071.0,Jovian,Jovian
9.785,0.5543550349735561,5679.0,Jovian,Neptunian
13.85,0.2822347679093358,5599.0,Jovian,Jovian
2.44,0.9801111360053748,6327.0,Terrestrial,Neptunian
4.35,1.3233973221194226,6327.0,Jovian,Neptunian
3.2,1.0078633753895851,6200.0,Terrestrial,Neptunian
2.05,0.40500466505036936,5732.0,Terrestrial,SuperEarth
11.209,2.040404528914159,6651.0,BrownDwarf,Jovian
13.138,0.7877083696100172,5864.0,Terrestrial,Jovian
1.664,1.0636324199197347,5664.0,Terrestrial,SuperEarth
2.916,1.4407864867193712,5664.0,Terrestrial,Neptunian
2.562,2.0303770535558,5664.0,Terrestrial,SuperEarth
1.31,0.20982587955424253,5799.0,Terrestrial,SuperEarth
11.5,1.0620300232289386,5521.0,Jovian,Jovian
8.295,0.45877227068628956,6179.0,Jovian,Jovian
3.41,1.0654452605440228,6310.0,Terrestrial,Neptunian
1.64,0.6772555429914421,5125.0,Terrestrial,SuperEarth
2.39,1.2349827110941602,5125.0,Terrestrial,SuperEarth
12.33,1.326676402721162,6040.0,Terrestrial,Jovian
3.55,1.2423246741900058,5788.0,Terrestrial,Neptunian
2.6,0.616731225963823,5145.0,Terrestrial,Neptunian
12.666,0.34607424599059544,5052.0,Jovian,Jovian
3.41,0.9484288896176689,5348.0,Terrestrial,SuperEarth
3.195,1.45605831913012,5348.0,Terrestrial,SuperEarth
2.995,1.5837997594223996,5348.0,Jovian,SuperEarth
3.74,2.4533183400470375,5348.0,Terrestrial,Neptunian
17.318,0.5196912547742379,6272.0,Jovian,Jovian
1.72,-0.03333367478247137,5596.0,Terrestrial,SuperEarth
2.501,1.209572889808771,5070.0,Terrestrial,Neptunian
15.581,0.5471281454778968,6091.0,Jovian,Jovian
1.745,0.003475611517223264,5978.0,Terrestrial,SuperEarth
1.602,0.49036952938691153,4699.0,Terrestrial,SuperEarth
1.511,0.8302408372463052,4699.0,Terrestrial,SuperEarth
4.71,0.7807542676240053,5527.0,Jovian,Neptunian
9.17,1.1546278336717117,5080.0,Jovian,Jovian
2.0,1.2471649476891806,4684.0,Terrestrial,SuperEarth
1.87,1.474179682698408,4684.0,Terrestrial,SuperEarth
0.75,0.5995162766560403,4684.0,Terrestrial,Terrestrial
0.818,0.8980413974559665,4684.0,Terrestrial,Terrestrial
1.137,1.085011565936659,4684.0,Terrestrial,Terrestrial
1.24,0.442406073856738,3803.0,Terrestrial,SuperEarth
1.533,0.7563226337974259,3803.0,Terrestrial,SuperEarth
16.141,0.6156218407951487,6801.0,Jovian,Jovian
2.199,1.3596655242604245,6120.0,Terrestrial,Neptunian
4.23,1.7482515379300556,6120.0,Jovian,SuperEarth
3.25,1.9256214032486372,6120.0,Jovian,SuperEarth
1.627,-0.017885195429319094,5300.0,Terrestrial,SuperEarth
2.923,1.4748933345138306,5300.0,Terrestrial,Neptunian
9.718,1.2721211371765087,6089.0,Jovian,Jovian
2.45,1.1565235895932955,6203.0,Terrestrial,SuperEarth
13.5,2.9334872878487053,4934.0,Terrestrial,Jovian
2.79,0.8060470866871896,4511.0,Terrestrial,Neptunian
2.39,1.2759960091705884,4511.0,Terrestrial,SuperEarth
11.994,2.0470282427463946,5561.0,Terrestrial,Jovian
1.613,-0.1429251407280992,5910.0,Terrestrial,SuperEarth
2.16,0.6003651113953417,5863.0,Terrestrial,SuperEarth
7.398,1.0724079946824485,5576.0,Jovian,Neptunian
1.35,0.016672098296183265,5987.0,Terrestrial,SuperEarth
3.228,0.5617141892258132,5987.0,Terrestrial,Neptunian
3.89,1.7410491216395743,5212.0,Terrestrial,Neptunian
2.12,0.977253014067778,5212.0,Terrestrial,SuperEarth
2.466,0.9600186476802438,5089.0,Terrestrial,Neptunian
22.754,-0.00834276875648569,4590.0,Jovian,Jovian
2.74,1.012369368342684,5198.0,Terrestrial,Neptunian
3.84,1.2856563078643108,5620.0,Terrestrial,Neptunian
3.59,0.9173475593863744,5636.0,Terrestrial,Neptunian
15.98,0.520347131064638,6061.0,Jovian,Jovian
5.33,0.67522816185362,5599.0,Terrestrial,Jovian
2.56,1.1418844773928667,4950.0,Terrestrial,Neptunian
1.82,0.7284998752157934,5775.0,Terrestrial,SuperEarth
12.14,0.7647502025649864,5660.0,Terrestrial,Jovian
10.447,1.0565592249627604,4920.0,Terrestrial,Jovian
12.06,1.3069097727097996,5657.0,Jovian,Jovian
1.5,-0.4326077566107198,5200.0,Terrestrial,SuperEarth
14.572,0.9626108063531754,4840.0,Jovian,Jovian
3.013,1.6229179627992922,5356.3,Jovian,SuperEarth
9.11,1.4530218634735559,5370.0,Jovian,Jovian
13.563,0.8175116908819576,5585.0,Jovian,Jovian
1.51,-0.5523390987286104,4599.0,Terrestrial,SuperEarth
2.37,1.5177186242825325,3457.0,Terrestrial,SuperEarth
2.52,0.9477106360174244,5306.0,Terrestrial,Neptunian
7.0,0.8988458021934915,5322.0,Jovian,Neptunian
4.1,1.0755214139068972,5322.0,Jovian,Neptunian
1.11,0.3993448481803675,5322.0,Terrestrial,SuperEarth
1.75,0.33741932432967314,4503.0,Terrestrial,SuperEarth
1.0,-0.2334265531198177,5315.0,Terrestrial,SuperEarth
11.209,1.047993059799791,6154.0,Jovian,Jovian
16.197,0.33856313964828466,6360.0,Jovian,Jovian
14.572,0.505781959609405,5630.0,Jovian,Jovian
5.4,1.3199336583488712,5625.0,Jovian,Neptunian
7.5,1.6267416220067759,5625.0,Jovian,Neptunian
3.44,0.5421484554636109,3207.0,Terrestrial,Neptunian
17.396,0.419404802940676,6367.0,Jovian,Jovian
9.528,1.0657095728880335,5445.0,Jovian,Jovian
2.41,1.7060256619574181,5368.0,Terrestrial,Neptunian
1.71,0.3745965913007686,5477.0,Terrestrial,SuperEarth
4.48,0.8306730175457236,5248.0,Terrestrial,Neptunian
2.59,0.5405478187049426,4975.0,Terrestrial,SuperEarth
3.53,0.8535794640546432,4975.0,Terrestrial,Neptunian
9.494,1.1729906752682782,5695.0,Jovian,Jovian
13.339,0.5130619855274627,5358.0,Jovian,Jovian
11.276,1.684547803903548,6302.0,Jovian,Jovian
1.589,0.3473645623128732,5520.0,Terrestrial,SuperEarth
2.63,1.2300425382305011,5725.0,Terrestrial,Neptunian
10.054,0.6047515338665137,4444.0,Jovian,Jovian
1.98,1.0023659208644304,3896.0,Terrestrial,SuperEarth
1.56,1.3917566996187527,3896.0,Terrestrial,SuperEarth
1.53,1.6489106789444552,3896.0,Terrestrial,SuperEarth
11.646,0.6126252573152748,5425.0,Jovian,Jovian
11.882,0.0996288541009923,5280.0,Terrestrial,Jovian
5.299,0.953856298224986,5271.0,Jovian,Neptunian
3.134,1.3151498663016026,5271.0,Terrestrial,SuperEarth
3.484,1.5012922391214034,5271.0,Jovian,SuperEarth
1.212,0.6384233589994807,5271.0,Terrestrial,SuperEarth
8.676,1.0953480033147098,5282.0,Jovian,Jovian
13.75,0.4764888671007989,6168.0,Jovian,Jovian
1.43,0.15308707829183965,4916.0,Terrestrial,SuperEarth
3.12,0.727626700535272,4953.0,Terrestrial,SuperEarth
1.54,0.6037861341970521,5731.0,Terrestrial,SuperEarth
2.29,1.0237062762946016,5731.0,Terrestrial,SuperEarth
6.277,0.6632701856531421,4881.0,Jovian,Neptunian
7.656,0.4775047121765561,5500.0,Terrestrial,Jovian
2.49,0.7049762641021736,5887.0,Terrestrial,Neptunian
10.61,0.9246268927095089,4717.0,Jovian,Jovian
5.2,1.0058857967874077,6172.0,Terrestrial,Neptunian
11.73,1.2613101031852219,6217.0,Jovian,Jovian
12.442,0.0854739637986139,6518.0,BrownDwarf,BrownDwarf
15.681,0.619747818023725,5948.0,Jovian,Jovian
15.132,0.6754208636873493,5375.0,Jovian,Jovian
19.952,0.7017080936547573,6279.0,Jovian,Jovian
19.537,0.2330104850476364,5720.0,Jovian,Jovian
19.504,0.5223711928571244,6003.0,Jovian,Jovian
15.861,-0.01367841907755443,6236.0,Jovian,Jovian
17.094,0.4885749122332754,7454.0,Jovian,Jovian
17.598,0.45814690195313273,6670.0,Jovian,Jovian
21.409,0.6638619236476216,7500.0,Jovian,Jovian
15.132,0.6142421181392138,6327.0,Jovian,Jovian
19.515,0.5408433777885296,8720.0,Jovian,Jovian
14.83,0.35319488406261357,5899.0,Jovian,Jovian
14.258,0.7444097652475582,6509.0,Terrestrial,Jovian
17.486,0.4319087029795491,6304.0,Jovian,Jovian
19.044,0.47561209701517104,6206.0,Jovian,Jovian
14.572,0.8946316977731895,6102.0,Jovian,Jovian
17.934,0.4369208071114585,6768.0,Jovian,Jovian
18.159,0.5110888780384835,5754.0,Jovian,Jovian
21.196,0.17059127265512028,10170.0,Jovian,Jovian
13.787,1.2517642813668217,6635.0,Jovian,Jovian
10.54,1.9377568436973254,5520.0,Terrestrial,Jovian
16.948,0.24639713508992045,7650.0,Terrestrial,Jovian
3.438,1.0380822256065392,5466.0,Terrestrial,SuperEarth
14.0,1.3476211390081818,5466.0,Jovian,Jovian
11.097,2.149962846966579,5830.0,Terrestrial,Jovian
1.71,0.5732439603611228,6182.0,Terrestrial,Neptunian
4.32,1.0180197371021884,6182.0,Jovian,Neptunian
11.27,1.3491412717058893,6182.0,Jovian,Jovian
6.56,1.734962239750082,6182.0,Jovian,Neptunian
11.545,0.23205310005359472,5165.0,Terrestrial,Jovian
1.481,-0.07701985136137265,5627.0,Terrestrial,SuperEarth
2.323,1.6560464287238046,5706.0,Terrestrial,SuperEarth
1.32,0.8380332359757762,5825.0,Terrestrial,SuperEarth
2.2,1.1077491100371641,5825.0,Terrestrial,SuperEarth
1.61,1.5481817425532103,5825.0,Terrestrial,SuperEarth
5.77,0.5425367803292055,5667.0,Terrestrial,Jovian
0.47,0.7232060246390831,4903.0,Terrestrial,SuperEarth
0.58,0.849506632501439,4903.0,Terrestrial,SuperEarth
1.18,1.0133302695276776,4903.0,Terrestrial,SuperEarth
2.22,1.208056878684064,4903.0,Terrestrial,SuperEarth
0.88,1.438599301704939,4903.0,Terrestrial,SuperEarth
0.82,0.7899232184957667,5858.0,Terrestrial,SuperEarth
2.5,1.1326054501169693,5858.0,Terrestrial,Neptunian
0.95,1.379852800886857,5858.0,Terrestrial,SuperEarth
2.56,1.6419151217736123,5858.0,Terrestrial,Neptunian
1.536,0.5024300972131288,5854.0,Terrestrial,SuperEarth
1.597,0.6903247539417944,5854.0,Terrestrial,SuperEarth
2.903,1.1687667863356153,5854.0,Terrestrial,SuperEarth
2.37,0.811684235961135,5952.0,Terrestrial,SuperEarth
2.52,1.3268006350086712,5952.0,Terrestrial,Neptunian
1.8,1.013001635180825,5663.0,Terrestrial,Terrestrial
2.87,1.1147477221029778,5663.0,Jovian,SuperEarth
3.12,1.3557292112134942,5663.0,Terrestrial,SuperEarth
4.19,1.5051445496049527,5663.0,Jovian,SuperEarth
2.49,1.6692127117959676,5663.0,Jovian,Terrestrial
3.33,2.073280903681438,5663.0,Terrestrial,Neptunian
1.82,0.6770591773921614,4725.0,Terrestrial,Neptunian
2.18,0.9506116310021037,4725.0,Terrestrial,SuperEarth
12.341,1.705781556173524,6150.0,Terrestrial,Jovian
19.661,0.6471836673433474,5947.0,Jovian,Jovian
2.4,1.1983821300082942,5770.0,Terrestrial,Neptunian
2.52,1.9148718175400503,5770.0,Terrestrial,Neptunian
2.41,1.2066100238992237,5685.0,Terrestrial,Neptunian
0.84,1.406827911637248,5685.0,Terrestrial,SuperEarth
12.733,0.8318776413994189,6395.0,Terrestrial,Jovian
10.76,0.6939714564480604,5515.0,Jovian,Jovian
12.42,2.338121359926896,6145.0,Terrestrial,Jovian
8.449,2.3594104623663177,4450.0,Jovian,Jovian
2.213,1.0745560308291098,6148.0,Terrestrial,SuperEarth
4.52,1.499164515495657,5569.0,Terrestrial,Neptunian
11.994,0.5853899709692468,6216.0,Terrestrial,Jovian
10.16,3.029883557777217,4884.0,Terrestrial,Jovian
14.68,0.1719342803616592,5781.0,Terrestrial,Jovian
11.949,2.99514408529666,5746.0,Terrestrial,Jovian
2.0,0.5446539465058139,5345.0,Terrestrial,SuperEarth
5.49,0.8831837324476127,5345.0,Jovian,Neptunian
6.98,1.1719860753632485,5345.0,Jovian,Neptunian
2.209,0.9678829276755809,5544.0,Terrestrial,SuperEarth
1.868,0.5677455046635126,5495.0,Terrestrial,SuperEarth
3.047,1.035593453954365,5495.0,Terrestrial,Neptunian
2.744,1.8899249589409972,5495.0,Terrestrial,Neptunian
0.865,0.7852246525261579,5495.0,Terrestrial,SuperEarth
1.003,1.2917591133396131,5495.0,Terrestrial,Neptunian
1.639,0.4449468161228964,6305.0,Terrestrial,SuperEarth
2.38,2.462191733924622,5518.0,Terrestrial,Neptunian
2.748,0.7950660473032398,6103.0,Terrestrial,SuperEarth
5.217,1.1045110105083613,6354.0,Jovian,Neptunian
8.564,2.4606302710122248,5913.0,Jovian,Jovian
8.16,2.11878702064501,5606.0,Jovian,Neptunian
0.296,1.1260440198501422,5417.0,Terrestrial,SuperEarth
0.75,1.3284203803489505,5417.0,Terrestrial,Neptunian
1.94,1.5997979507434648,5417.0,Terrestrial,Neptunian
13.9,1.3240191230416025,6350.0,BrownDwarf,BrownDwarf
4.002,0.506972898337785,5857.0,Terrestrial,Neptunian
13.11,0.837177305164802,6510.0,Terrestrial,Jovian
1.43,0.384942708267034,5538.0,Terrestrial,SuperEarth
0.85,0.6649539538803473,5538.0,Terrestrial,SuperEarth
1.07,-0.174372686258452,5476.0,Terrestrial,SuperEarth
0.82,0.39182044728643395,6104.0,Terrestrial,SuperEarth
1.19,1.8385871762616632,5460.0,Terrestrial,Neptunian
14.46,0.2684745806424682,5750.0,Jovian,Jovian
2.401,0.47786702149039567,4974.0,Terrestrial,Neptunian
15.031,0.23574564082801,5750.0,Jovian,Jovian
4.347,1.821264540146232,4700.0,Terrestrial,Jovian
13.45,1.9379116877279754,5820.0,Jovian,Jovian
10.8,1.843572852644472,6430.0,Terrestrial,Jovian
12.89,0.8971567156271845,5972.0,Jovian,Jovian
13.361,0.42883566239391735,5560.0,Jovian,Jovian
9.98,0.5200725468515733,5460.0,Terrestrial,Jovian
10.962,0.5794426742451254,5170.0,Jovian,Jovian
12.22,0.5075210972209199,5725.0,Jovian,Jovian
13.79,1.012457324992373,5800.0,Jovian,Jovian
12.11,0.5472370458627728,5150.0,Terrestrial,Jovian
13.664,0.4805954157642361,6041.0,Terrestrial,Jovian
12.834,1.7201686427049674,4995.0,Terrestrial,Jovian
16.25,0.7270598375561838,6360.0,Jovian,Jovian
12.67,1.109737452062851,5977.0,Terrestrial,Jovian
22.31,0.9345062078757437,6161.0,Jovian,Jovian
12.22,0.5114460803053623,5800.0,Jovian,Jovian
1.58,0.4748207949425825,3157.0,Terrestrial,SuperEarth
2.51,0.687638546549522,3157.0,Terrestrial,SuperEarth
1.25,0.9113041251051985,3157.0,Terrestrial,SuperEarth
1.5,0.1946278263786524,3359.0,Terrestrial,SuperEarth
1.11,0.4823273721050786,3359.0,Terrestrial,Terrestrial
1.35,0.711716228489252,3359.0,Terrestrial,SuperEarth
18.49,0.8917771911774521,5493.0,Jovian,Jovian
10.76,0.3900937739861125,3820.0,Jovian,Jovian
6.204,2.3811204980708474,5527.0,Jovian,Neptunian
2.354,1.0240749873074262,5701.0,Terrestrial,SuperEarth
3.05,1.6942918674862393,5636.0,Jovian,SuperEarth
4.65,2.481767869219065,5636.0,Jovian,SuperEarth
1.88,0.6792461454138591,5194.0,Terrestrial,SuperEarth
2.71,0.9856038383987036,5194.0,Terrestrial,Neptunian
2.04,1.6324178090734736,5194.0,Terrestrial,SuperEarth
15.984,0.5500406116297996,6297.0,Jovian,Jovian
2.215,1.9124228380875559,5547.0,Terrestrial,Neptunian
8.373,2.099101760038838,5820.0,Terrestrial,Jovian
14.617,0.5098339548285059,5647.0,Jovian,Jovian
1.31,0.7570110672421554,4925.0,Terrestrial,SuperEarth
0.54,1.0948797252243534,4925.0,Terrestrial,SuperEarth
1.95,1.259212927804236,4925.0,Terrestrial,Neptunian
1.61,2.0877367087233982,4925.0,Terrestrial,Neptunian
1.41,2.4269843358005296,4925.0,Terrestrial,Neptunian
6.11,0.9747028001265772,5576.0,Terrestrial,Jovian
10.16,1.213222715330927,4908.0,Terrestrial,Jovian
1.42,0.33342913652942535,6211.0,Terrestrial,SuperEarth
2.58,0.7678934657438253,6211.0,Terrestrial,SuperEarth
1.52,0.9101562456934776,6211.0,Terrestrial,SuperEarth
2.354,0.7322972392131917,5875.23,Terrestrial,SuperEarth
0.92,0.9825018907200566,5875.23,Terrestrial,SuperEarth
18.181,0.6889080575580042,5933.0,Jovian,Jovian
10.76,0.8657381264586071,6000.0,Jovian,Jovian
11.77,0.9486531111707872,5200.0,BrownDwarf,Jovian
15.244,0.18890875032054366,6409.0,Jovian,Jovian
10.761,0.5537351072015961,5520.0,Jovian,Jovian
15.872,0.5468508908189856,6213.0,Jovian,Jovian
8.29,1.2841804630035114,5774.0,Jovian,Neptunian
8.08,1.5909008805560083,5774.0,Jovian,Neptunian
1.64,0.20217515250904988,5777.0,Terrestrial,SuperEarth
15.323,0.7956423063599194,4550.0,Jovian,Jovian
1.569,0.6745617140713096,5669.0,Terrestrial,SuperEarth
3.51,0.39933792185454187,4781.0,Terrestrial,Neptunian
3.42,1.0615693308043685,5699.0,Terrestrial,Neptunian
2.67,1.2105459096459346,5690.0,Terrestrial,SuperEarth
1.48,0.4127359892527471,5779.0,Terrestrial,SuperEarth
1.99,0.18799423839953067,5539.0,Terrestrial,SuperEarth
1.48,0.6630956946269994,4782.0,Terrestrial,SuperEarth
1.39,0.1465931020963049,3800.0,Terrestrial,SuperEarth
0.85,0.35278308902049665,3415.0,Terrestrial,Terrestrial
1.385,0.5671061207244746,3415.0,Terrestrial,SuperEarth
1.521,0.8721985051044963,3415.0,Terrestrial,Terrestrial
1.635,1.393345975676799,2988.0,Terrestrial,SuperEarth
1.169,0.577252757205082,2988.0,Terrestrial,Terrestrial
1.242,0.28993166023304023,3381.0,Terrestrial,SuperEarth
4.7,0.6076734023403816,3950.0,Terrestrial,Neptunian
1.305,0.7290647689074696,3340.0,Terrestrial,SuperEarth
1.147,0.49469760969156057,3340.0,Terrestrial,Terrestrial
1.332,-0.11438551538236912,3331.0,Terrestrial,SuperEarth
2.3,1.0882034434377161,3331.0,Terrestrial,SuperEarth
4.72,-0.10124630506237516,5443.0,Terrestrial,Neptunian
9.976,0.5926263692487573,5000.0,Terrestrial,Jovian
17.901,0.3321907020252186,7490.0,Jovian,Jovian
17.15,0.4508739195016151,7800.0,Jovian,Jovian
14.908,0.4228028315435461,3916.0,Jovian,Jovian
13.507,-0.1152644335147316,4600.0,Terrestrial,Jovian
9.158,1.5496815319193296,5050.0,Jovian,Jovian
11.747,0.8769567827499342,5690.0,Jovian,Jovian
12.801,0.6147946387426715,5819.0,Terrestrial,Jovian
4.977,0.5484775335021858,5187.0,Terrestrial,Neptunian
12.33,0.5153743827784188,5600.0,Jovian,Jovian
14.572,0.6853224644920396,5550.0,Jovian,Jovian
13.899,0.5108840028823121,5650.0,Jovian,Jovian
13.563,0.484477792425245,5610.0,Jovian,Jovian
17.878,0.6542886158364299,6478.0,Jovian,Jovian
11.994,1.7339123388107889,5980.0,Terrestrial,Jovian
14.908,0.18847559760624416,4660.0,Terrestrial,Jovian
16.589,0.224111460309079,5600.0,Jovian,Jovian
3.18,0.12624534183266634,5143.0,Terrestrial,Neptunian
12.733,0.5259496076889799,4987.0,Jovian,Jovian
14.863,-0.05450236439487766,4730.0,Jovian,Jovian
12.218,0.39788789020703874,5241.0,Jovian,Jovian
11.994,0.6469200629368357,6330.0,Terrestrial,Jovian
14.011,0.4915406983413211,5950.0,Jovian,Jovian
11.422,0.6036256528681431,5040.0,Jovian,Jovian
12.251,0.15608711189849647,4790.0,Jovian,Jovian
13.45,0.2278527820630648,6210.0,Jovian,Jovian
12.666,0.599784853673271,5924.0,Jovian,Jovian
15.244,0.5655219756056601,6325.0,Jovian,Jovian
15.278,0.08347355839385091,6050.0,Jovian,Jovian
18.046,0.39541962093190736,6933.0,Terrestrial,Jovian
6.18,2.1408755608212817,6407.0,Terrestrial,Jovian
10.12,2.4510576521890703,5629.0,BrownDwarf,BrownDwarf
10.548,0.4997736030519729,4400.0,Terrestrial,Jovian
12.812,0.15229574567665274,5013.0,Jovian,Jovian
17.295,0.2162506408444093,6124.0,Jovian,Jovian
14.056,0.12616923828311358,4645.0,Terrestrial,Jovian
12.285,0.39931374811188164,6007.0,Terrestrial,Jovian
12.722,0.25656294988396816,5215.0,Terrestrial,Jovian
12.408,0.45927664536937063,5747.0,Terrestrial,Jovian
11.904,0.5448360660843438,5052.0,Jovian,Jovian
19.055,0.3079335349701725,6387.0,Jovian,Jovian
14.404,0.5699529729094541,5738.0,Jovian,Jovian
11.31,0.18772682079925074,4309.0,Terrestrial,Jovian
12.52,1.1809530862133713,5788.0,Terrestrial,Jovian
16.701,0.5634844078531481,5988.0,Jovian,Jovian
2.265,0.6141544858612905,5328.0,Terrestrial,Neptunian
2.587,0.8091466354934924,4734.0,Terrestrial,Neptunian
2.651,1.0873047807209737,4734.0,Jovian,SuperEarth
1.791,-0.21843647513031234,3875.0,Terrestrial,SuperEarth
16.814,0.9217062913426096,4250.0,Jovian,Jovian
2.415,0.3965456504065714,3476.0,Terrestrial,SuperEarth
3.65,1.3846326851927624,3553.0,Terrestrial,Neptunian
1.694,0.537153548337441,3997.0,Terrestrial,SuperEarth
3.01,0.6342192367061608,5151.0,Terrestrial,SuperEarth
2.51,0.7711569412341489,5151.0,Terrestrial,SuperEarth
3.51,1.2708162051648664,5151.0,Jovian,SuperEarth
3.78,1.578886652941127,5151.0,Terrestrial,Neptunian
2.726,0.6678095816755699,5320.0,Terrestrial,SuperEarth
2.759,0.96144909685154,5320.0,Terrestrial,SuperEarth
2.93,1.3005954838899636,5320.0,Terrestrial,Neptunian
11.456,0.5413268305393732,4775.0,Jovian,Jovian
2.41,0.4951921803987484,4227.0,Terrestrial,SuperEarth
2.76,0.8746634991722658,4227.0,Terrestrial,Neptunian
3.12,1.2203216247005997,4227.0,Terrestrial,Neptunian
2.37,1.0372209762321192,3600.0,Terrestrial,Neptunian
1.56,1.2741927300260762,3600.0,Terrestrial,SuperEarth
9.1,0.9115682304951336,5300.0,Jovian,Jovian
4.14,0.5206132121824074,4985.0,Terrestrial,Neptunian
12.218,1.1606386739931798,3799.0,BrownDwarf,BrownDwarf
5.24,0.43133722312966466,5225.0,Terrestrial,Neptunian
13.798,0.5959778121520029,5603.0,Jovian,Jovian
9.427,0.6567844775264933,5889.0,Jovian,Jovian
3.42,0.3242210940032985,5397.0,Terrestrial,Neptunian
15.648,0.673962148694495,6274.0,Jovian,Jovian
3.96,1.1138498018818654,5840.0,Jovian,SuperEarth
16.701,0.4232847128763797,7690.0,Jovian,Jovian
1.672,1.0438340467332965,3185.0,Terrestrial,SuperEarth
11.882,1.0077584005944027,5597.0,Jovian,Jovian
14.067,0.767711333404804,6255.0,Terrestrial,Jovian
14.415,0.3190109623612586,5404.0,Jovian,Jovian
13.888,0.726869859074327,5948.0,Jovian,Jovian
16.69,0.6264744338177096,6495.0,Jovian,Jovian
1.79,-0.004653114690016092,3550.0,Terrestrial,SuperEarth
11.063,1.6101250552604716,6170.0,Jovian,Jovian
1.7,-0.17448281328218068,3434.0,Terrestrial,SuperEarth
12.173,0.35323276099934825,5880.0,Jovian,Jovian
5.34,1.385310012330352,5665.0,Jovian,Neptunian
10.817,0.9766823370127437,5645.0,Terrestrial,Jovian
5.05,0.543013290237439,3980.0,Jovian,Neptunian
3.14,1.2753157320238118,4065.0,Terrestrial,Neptunian
1.152,0.28206852748621625,4316.0,Terrestrial,Terrestrial
1.669,0.5103371961585622,4316.0,Terrestrial,SuperEarth
2.572,0.8167515447937421,4316.0,Jovian,SuperEarth
2.207,0.9983413495473359,4316.0,Terrestrial,SuperEarth
2.287,1.182754507515323,4316.0,Terrestrial,SuperEarth
2.87,1.3161696136272876,4316.0,Jovian,SuperEarth
16.141,0.5063242416869901,5991.0,Jovian,Jovian
1.258,-0.26013347916259083,4757.0,Terrestrial,SuperEarth
12.778,0.686696494403322,5734.0,Terrestrial,Jovian
11.657,0.9810888869358816,6230.0,Jovian,Jovian
12.89,1.462697408101717,3841.0,Jovian,Jovian
11.299,1.7240970345664635,6394.0,Jovian,Jovian
12.52,0.9480253513129566,5880.0,Terrestrial,Jovian
15.098,-0.17232441180323554,6540.0,Terrestrial,Jovian
2.19,0.8949763085863918,3342.0,Terrestrial,SuperEarth
10.761,0.9345373340088496,5673.0,Jovian,Jovian
11.321,2.4162909343448398,5695.0,Terrestrial,Jovian
19.84,0.3268627378284723,5966.0,Jovian,Jovian
3.51,0.07726860585547461,5634.0,Terrestrial,Neptunian
3.03,1.0291915090878334,5298.0,Terrestrial,Neptunian
11.321,1.0759154079366706,5144.0,Jovian,Jovian
11.153,0.903196810295764,6101.0,Jovian,Jovian
14.37,0.5479703030017414,6248.0,Jovian,Jovian
10.368,0.6382299207095111,5607.0,Jovian,Jovian
10.929,0.7769875205842147,5611.0,Jovian,Jovian
7.163,1.2645387463630298,6095.0,Jovian,Neptunian
13.641,0.47549126018261273,5771.0,Jovian,Jovian
2.77,0.5679328947606962,3514.0,Terrestrial,SuperEarth
1.206,0.5263591562477739,3506.0,Terrestrial,Terrestrial
2.355,0.7528604031966835,3506.0,Terrestrial,SuperEarth
2.133,1.0561259661695122,3506.0,Terrestrial,SuperEarth
12.98,0.3049261332314731,5609.0,Terrestrial,Jovian
12.801,1.2575698676738756,6532.0,Terrestrial,Jovian
23.539,0.49415445482147113,5810.0,Jovian,Jovian
8.295,0.5951158823181376,3870.0,Jovian,Jovian
12.599,0.9584929761124349,5321.0,Jovian,Jovian
11.321,0.33341684258751453,3660.0,Jovian,Jovian
12.0,0.5364009822804379,3913.0,Jovian,Jovian
6.0,0.657492768578349,3269.0,Jovian,Neptunian
13.574,0.5799678126898749,6202.0,Jovian,Jovian
2.68,0.7157293176058396,5325.0,Terrestrial,SuperEarth
5.09,1.2059669584507031,5325.0,Jovian,Neptunian
1.28,-0.3097622651515336,4850.0,Terrestrial,SuperEarth
3.29,1.095553941587075,4850.0,Terrestrial,SuperEarth
12.53,2.352409855190432,6096.0,Terrestrial,Jovian
11.097,1.0141469856993648,5735.0,Terrestrial,Jovian
1.166,-0.26107919021686254,4440.0,Terrestrial,Terrestrial
11.882,1.3081380195049763,6300.0,Terrestrial,Jovian
9.303,0.8053375082496002,3659.0,Jovian,Jovian
11.31,1.8757772587529749,5700.0,Terrestrial,Jovian
12.173,1.1635808809314054,6466.0,Terrestrial,Jovian
12.229,0.8440986029905737,5925.0,Terrestrial,Jovian
1.423,-0.350102675608382,5455.0,Terrestrial,Terrestrial
2.878,1.0325784719243118,5455.0,Terrestrial,SuperEarth
2.53,1.4085791254086675,5455.0,Terrestrial,Neptunian
2.67,1.8877860348383715,5455.0,Terrestrial,Neptunian
2.32,1.2118410963753423,5326.0,Terrestrial,SuperEarth
11.433,0.21778495071782508,5640.0,Terrestrial,Jovian
11.882,0.532699292694525,6250.0,Terrestrial,Jovian
19.851,0.699297989936131,6460.0,Jovian,Jovian
5.25,0.29603808148614014,3514.0,Jovian,Neptunian
13.115,1.0506349211429278,6295.0,Jovian,Jovian
2.049,0.9791549187482478,4622.0,Terrestrial,SuperEarth
2.701,1.7134826467588502,4622.0,Terrestrial,SuperEarth
2.474,1.928598612246666,4622.0,Terrestrial,SuperEarth
2.28,0.7486298519275091,5450.0,Terrestrial,SuperEarth
2.63,1.0889755038316637,5450.0,Terrestrial,SuperEarth
1.85,0.9162754563246284,3709.0,Terrestrial,SuperEarth
2.02,1.1949387163002017,3709.0,Terrestrial,SuperEarth
2.926,0.1439442574476169,4600.0,Terrestrial,Neptunian
3.444,-0.11604110972928318,5373.8,Terrestrial,Neptunian
11.994,1.026392698690369,6261.0,Jovian,Jovian
13.126,0.5728128407366222,5570.0,Jovian,Jovian
9.55,0.5664342983216004,5710.0,Jovian,Jovian
2.765,0.2609606612893504,4435.0,Terrestrial,SuperEarth
12.666,0.4814526615922642,5230.0,Jovian,Jovian
15.244,0.39280771060238595,5850.0,Jovian,Jovian
14.975,0.11600496140898797,5650.0,Jovian,Jovian
18.046,0.5507113134870528,6200.0,Jovian,Jovian
13.384,0.17092053900612764,5171.0,Terrestrial,Jovian
16.623,0.4013911309658295,6110.0,Jovian,Jovian
12.106,0.49034644447947406,4675.0,Terrestrial,Jovian
14.908,0.454750371632637,6900.0,Jovian,Jovian
16.029,0.5545763735689898,6380.0,Jovian,Jovian
17.127,-0.033603868694577335,6110.0,Jovian,Jovian
12.745,0.24437948345385463,5475.0,Jovian,Jovian
10.761,0.896133631889752,5070.0,Terrestrial,Jovian
11.433,0.9680021566884134,6055.0,Terrestrial,Jovian
10.536,0.7575079439042368,4425.0,Jovian,Neptunian
12.442,0.5708312063874219,4800.0,Jovian,Jovian
15.793,0.6572632650295611,5890.0,Jovian,Jovian
15.009,0.18998813344263138,5940.0,Jovian,Jovian
11.882,1.0009392312020133,6040.0,Jovian,Jovian
16.141,0.6070305476657317,6410.0,Jovian,Jovian
15.693,0.39790352640328097,5650.0,Jovian,Jovian
21.712,0.037991907858391835,6360.0,Jovian,Jovian
16.511,0.5576600322328862,6450.0,Terrestrial,Jovian
19.649,0.10548465091006662,6776.0,Jovian,Jovian
14.773,0.4738723649245432,5740.0,Jovian,Jovian
13.899,0.5279712741997186,6050.0,Jovian,Jovian
10.435,0.5170414253312309,5800.0,Jovian,Jovian
14.695,0.6209748834869737,5620.0,Jovian,Jovian
10.424,0.7595277149085362,5900.0,Terrestrial,Jovian
13.675,0.6387896648463096,5950.0,Jovian,Jovian
9.976,1.0626188318937184,5625.0,Terrestrial,Jovian
13.675,0.7260767470946446,6030.0,Jovian,Jovian
10.05,0.8533035179112293,4714.0,Jovian,Jovian
13.563,0.3377433067947491,5700.0,Jovian,Jovian
14.572,0.14655572916149376,5675.0,Jovian,Jovian
15.468,0.7172840419712623,6260.0,Jovian,Jovian
12.218,0.5604366671405004,6272.0,Jovian,Jovian
8.967,0.7726342569116543,5310.0,Jovian,Neptunian
15.468,0.35097446592239434,6475.0,Terrestrial,Jovian
16.141,0.34946859443558836,5260.0,Jovian,Jovian
13.563,0.5199134009988544,5900.0,Terrestrial,Jovian
17.15,0.31236102500885843,6010.0,Jovian,Jovian
9.528,0.3576138076057098,5200.0,Jovian,Jovian
10.088,0.24773718646629514,4900.0,Terrestrial,Jovian
12.498,0.6630154995628169,5702.0,Jovian,Jovian
8.474,0.9446706118974568,5555.0,Jovian,Jovian
15.805,0.5742744045656223,6300.0,Jovian,Jovian
11.994,0.7516029330251206,6218.0,BrownDwarf,Jovian
13.305,0.6564314646341444,5871.0,Jovian,Jovian
17.374,0.5227843628343958,5914.0,Jovian,Jovian
5.717,0.5838977314889064,4910.0,Jovian,Neptunian
11.19,0.596775504531578,5772.0,Jovian,Jovian
11.994,0.5630457421702862,6350.0,Terrestrial,Jovian
15.468,0.5843765741057545,6120.0,Jovian,Jovian
13.675,0.49395967455418127,5700.0,Jovian,Jovian
12.218,0.5761679664394814,5298.0,Jovian,Jovian
12.812,0.7328794556140806,6400.0,Terrestrial,Jovian
11.209,0.9833862990590337,5300.0,Terrestrial,Jovian
13.473,0.20674181438104924,5500.0,Terrestrial,Jovian
12.644,0.24971809861729252,5806.0,Terrestrial,Jovian
14.123,0.5397670310565108,5599.0,Jovian,Jovian
7.062,0.7358814185330725,6050.0,Jovian,Neptunian
16.814,0.6184307351390533,6000.0,Jovian,Jovian
14.617,0.7490721410800756,6110.0,Jovian,Jovian
20.961,0.5723406023704906,6550.0,Jovian,Jovian
12.285,0.3701021418424036,5600.0,Terrestrial,Jovian
10.985,0.5819069432569436,5965.0,Terrestrial,Jovian
17.598,0.7385770739719947,6900.0,Jovian,Jovian
13.451,0.1419678519551119,5800.0,Terrestrial,Jovian
16.107,0.6267201319550127,6399.0,Jovian,Jovian
13.54,0.4864716675719555,6229.0,Jovian,Jovian
16.87,0.5909590272276026,5941.0,Jovian,Jovian
17.71,0.4873819081924198,5017.0,Jovian,Jovian
20.288,0.5243738550147341,9360.0,Jovian,Jovian
13.899,-0.02620171151957531,6432.0,Terrestrial,Jovian
13.899,0.5326606325882166,6600.0,Jovian,Jovian
13.271,0.6550910057268736,5839.0,Jovian,Jovian
9.528,0.528529105855731,5638.0,Jovian,Neptunian
16.477,0.6140295634619629,5313.0,Jovian,Jovian
14.908,0.7144722654394454,6000.0,Jovian,Jovian
14.011,0.9725522631590974,5900.0,Jovian,Jovian
12.442,0.7012915200130209,6361.0,Terrestrial,Jovian
18.383,0.7116282459723214,6150.0,Jovian,Jovian
18.147,0.435212364485642,8000.0,Jovian,Jovian
15.861,-0.10301189039064543,5616.0,Jovian,Jovian
12.89,0.7297925233298902,6400.0,Jovian,Jovian
13.787,0.4591928624609808,5910.0,Terrestrial,Jovian
12.117,0.33287758225656794,5180.0,Jovian,Jovian
16.388,0.6901631433041879,5940.0,Jovian,Jovian
11.99,0.6357331934284469,5800.0,Jovian,Jovian
13.787,0.5481055289728336,6000.0,Jovian,Jovian
10.783,0.46900058500390446,5150.0,Terrestrial,Jovian
15.468,0.3694403704462194,6075.0,Jovian,Jovian
11.994,0.575745370515793,5750.0,Jovian,Jovian
13.563,0.44037375181635624,6034.0,Jovian,Jovian
13.664,0.5326059739365681,6084.0,Jovian,Jovian
8.631,0.5935884168357595,4800.0,Jovian,Jovian
15.917,0.2664269206379491,6400.0,Jovian,Jovian
17.363,0.5322331166911202,6302.0,Jovian,Jovian
10.761,0.43435489741583083,6140.0,Terrestrial,Jovian
17.856,0.0863135509281217,7430.0,Jovian,Jovian
11.209,0.6352504519435475,5700.0,Jovian,Jovian
14.572,0.499904175590634,5990.0,Jovian,Jovian
14.874,0.18677726079216111,5959.0,Terrestrial,Jovian
13.002,0.5535758791369795,5800.0,Terrestrial,Jovian
13.787,0.8370755670349355,6180.0,Terrestrial,Jovian
14.235,0.6080185968156694,5400.0,Jovian,Jovian
14.807,0.12653123858080856,5400.0,Jovian,Jovian
12.33,0.4846414448824136,5545.0,Jovian,Jovian
12.576,0.6973759926735346,5315.0,Jovian,Jovian
10.424,-0.0896557894129024,4400.0,Terrestrial,Jovian
12.33,0.38449749785397297,5420.0,Jovian,Jovian
10.604,0.49500133825727827,5150.0,Terrestrial,Jovian
13.159,0.15544767324193653,5600.0,Terrestrial,Jovian
12.64,0.619004499969278,5552.0,Jovian,Jovian
3.567,0.9557142015528225,5552.0,Terrestrial,Neptunian
1.808,-0.10259654547693786,5552.0,Terrestrial,SuperEarth
16.814,0.33114982634474444,5920.0,Jovian,Jovian
12.442,0.4443165354899246,5600.0,Jovian,Jovian
12.184,0.2117685345770777,5700.0,Terrestrial,Jovian
13.07,0.2911689757152619,5400.0,Jovian,Jovian
14.24,0.2429833985937136,5000.0,Jovian,Jovian
12.038,0.5198075643976909,4953.0,Terrestrial,Jovian
17.71,0.5674545647283816,6100.0,Jovian,Jovian
14.908,0.6498827367347326,5900.0,Jovian,Jovian
10.536,0.6643692808708024,5600.0,Jovian,Jovian
11.769,0.45315293410742985,5600.0,Jovian,Jovian
16.029,0.7004596823720668,5800.0,Jovian,Jovian
8.687,0.898702424401091,4650.0,Terrestrial,Jovian
11.545,0.5264698046260851,5450.0,Jovian,Jovian
9.864,0.6339731557896735,5900.0,Jovian,Jovian
15.805,0.586125762261047,6250.0,Jovian,Jovian
14.796,0.6446305819986291,6230.0,Jovian,Jovian
15.805,0.6412836931024287,5550.0,Jovian,Jovian
14.247,0.19680927912486926,5400.0,Jovian,Jovian
12.464,0.3638796747022311,5600.0,Terrestrial,Jovian
15.693,0.6113036766848859,6600.0,Jovian,Jovian
12.89,0.6641171210435587,5200.0,Jovian,Jovian
14.796,0.7062311682589675,5910.0,Jovian,Jovian
12.442,0.5875021841615227,4700.0,Jovian,Jovian
14.908,0.6950122447402073,6400.0,Jovian,Jovian
13.047,0.5697273236279586,5763.0,Jovian,Jovian
13.227,0.46294725757810207,6050.0,Jovian,Jovian
14.46,0.34571279881995115,6250.0,Terrestrial,Jovian
15.917,0.6114280148132721,6030.0,Terrestrial,Jovian
15.244,0.3299569151062389,5990.0,Jovian,Jovian
14.235,0.39518533368607595,6100.0,Jovian,Jovian
20.512,0.25765122065363555,6250.0,Jovian,Jovian
13.787,0.13354802207202743,5617.0,Jovian,Jovian
21.633,0.33749520141579453,6100.0,Jovian,Jovian
18.719,0.5637634036852748,6600.0,Jovian,Jovian
12.666,0.9116220287855823,5600.0,Terrestrial,Jovian
11.198,0.48683445258253133,4143.0,Jovian,Jovian
16.018,0.43400590438024994,5870.0,Jovian,Jovian
18.159,0.4322940873908514,6480.0,Jovian,Jovian
11.657,0.6964657787164484,5510.0,Jovian,Jovian
10.559,0.9306172776289803,5314.0,Jovian,Jovian
13.899,0.42417536677846274,6112.0,Jovian,Jovian
15.524,0.2260312129505949,6450.0,Jovian,Jovian
16.365,0.6949560022498181,6430.0,Jovian,Jovian
11.657,0.52587664962908,5130.0,Terrestrial,Jovian
18.271,0.5928696316206035,6430.0,Jovian,Jovian
11.545,0.4469378813138399,4920.0,Terrestrial,Jovian
16.376,0.33739420209957066,6280.0,Jovian,Jovian
17.901,0.43656527245924626,6700.0,Jovian,Jovian
17.71,0.5966179852383753,6170.0,Jovian,Jovian
13.787,0.33938584496653373,5830.0,Jovian,Jovian
13.45,0.5346935682757227,5540.0,Jovian,Jovian
12.778,0.31654901906938615,5640.0,Jovian,Jovian
12.823,0.4716789349268435,5473.0,Jovian,Jovian
11.433,0.7598573823065297,6150.0,Terrestrial,Jovian
16.7,0.5253113949746459,6250.0,Terrestrial,Jovian
15.278,0.008049205140013588,5000.0,Jovian,Jovian
11.561,0.4254390043640447,4251.0,Jovian,Jovian
12.993,0.24358959973254166,4591.0,Jovian,Jovian
2.043,0.7782431663215529,4716.0,Terrestrial,SuperEarth
12.778,0.5956648364386401,5750.0,Jovian,Jovian
11.131,0.41761479249275685,5340.0,Jovian,Jovian
15.805,0.5040002918710768,6429.0,Terrestrial,Jovian
14.011,0.6154323754851316,6397.0,Jovian,Jovian
12.78,0.6219813487936726,5430.0,Jovian,Jovian
23.203,0.5757650612820339,6720.0,Jovian,Jovian
15.39,0.4569946065118036,6250.0,Jovian,Jovian
2.06,0.797122593892627,6037.0,Terrestrial,SuperEarth
15.468281999999999,0.2787536009528289,7930.0,BrownDwarf,BrownDwarf
12.217701,1.1613680022349748,3799.0,BrownDwarf,BrownDwarf
11.993523,1.3242824552976926,6290.0,BrownDwarf,BrownDwarf
16.477083,0.2304489213782739,7000.0,BrownDwarf,BrownDwarf
11.881434,0.6334684555795865,6740.0,BrownDwarf,BrownDwarf
12.666056999999999,0.07918124604762482,6519.0,BrownDwarf,BrownDwarf
12.666056999999999,0.4623979978989561,3230.0,BrownDwarf,BrownDwarf
10.536366,0.3424226808222063,5950.0,BrownDwarf,BrownDwarf
10.536366,0.724275869600789,5755.0,BrownDwarf,BrownDwarf
9.079209,1.0681858617461617,5289.0,BrownDwarf,BrownDwarf
9.639654,1.0253058652647702,6290.0,BrownDwarf,BrownDwarf
9.751743,0.7160033436347992,6238.0,BrownDwarf,BrownDwarf
15.019926,0.568201724066995,7650.0,BrownDwarf,BrownDwarf
9.303386999999999,0.6901960800285137,5768.0,BrownDwarf,BrownDwarf
10.648455,0.3010299956639812,3165.0,BrownDwarf,BrownDwarf
12.329790000000001,0.7634279935629372,5225.0,BrownDwarf,BrownDwarf
34.74759,1.9903388547876015,3349.0,BrownDwarf,BrownDwarf
14.123213999999999,1.4014005407815442,6107.0,BrownDwarf,BrownDwarf
8.742942,0.6232492903979004,6130.0,BrownDwarf,BrownDwarf
10.200099,-0.25181197299379954,3471.0,BrownDwarf,BrownDwarf
9.303386999999999,1.1038037209559568,3750.0,BrownDwarf,BrownDwarf
8.406675,0.8195439355418687,5705.0,BrownDwarf,BrownDwarf
10.536366,0.4913616938342727,6340.0,BrownDwarf,BrownDwarf
12.105612,0.8573324964312685,3621.0,BrownDwarf,BrownDwarf
12.105612,1.235528446907549,6325.0,BrownDwarf,BrownDwarf
9.191298,2.22219604630172,5840.0,BrownDwarf,BrownDwarf
12.441879,0.9395192526186185,9100.0,BrownDwarf,BrownDwarf
10.648455,0.8750612633917001,6060.0,BrownDwarf,BrownDwarf
10.08801,0.2787536009528289,3100.0,BrownDwarf,BrownDwarf
9.639654,1.6095944092252201,5602.0,BrownDwarf,BrownDwarf
11.545167,1.250420002308894,4500.0,BrownDwarf,BrownDwarf
12.217701,0.3222192947339193,7820.0,BrownDwarf,BrownDwarf
15.468281999999999,-0.1549019599857432,3359.0,BrownDwarf,BrownDwarf
9.079209,0.6901960800285137,5990.0,BrownDwarf,BrownDwarf
11.096811,1.4828735836087537,4973.0,BrownDwarf,BrownDwarf
15.132015,0.9030899869919435,9800.0,BrownDwarf,BrownDwarf
10.648455,1.0413926851582251,5690.0,BrownDwarf,BrownDwarf
